county,state,state,year,year,forest,mixeddev,CumTemp,CumPrecip,TempVar,PrecipVar,AvgWinterTemp,AvgSpringPrecip,HotDryDays,talremia_inc,Percent_Insured,poverty,tick_lag
SE,Alabama,1001,2011,2011,69.61643008,8.508435087,23363.1,1247.661896,252.2641123,48.64753537,43.78766667,3.341591152,16,0,89.6,14.2,17
SE,Alabama,1001,2012,2012,69.28556011,9.026548673,23522.61,1193.254901,167.6168704,44.41465997,43.41388889,6.309075346,12,0,88.5,31,18
SE,Alabama,1001,2013,2013,69.54757382,8.897427042,24417.75,973.5891022,244.2734279,41.70921235,47.54033333,1.980092855,38,0,86.1,17,20
SE,Alabama,1001,2014,2014,69.52767464,9.088161644,23185.8,1372.506569,213.4896392,61.41892584,47.95611111,4.224223064,9,0,91.4,9.7,29
SE,Alabama,1001,2015,2015,69.84887737,8.937823834,23057.32,1674.356854,171.4996008,59.82950318,46.767,5.760874799,5,0,91.6,12.7,29
SE,Alabama,1001,2016,2016,70.03627256,8.929959409,23274.79,1499.028838,177.2387837,64.74320002,46.934,4.564519404,12,1,91.5,15.7,20
SE,Alabama,1001,2017,2017,70.1571811,9.02927714,23254.06,1532.513261,137.3748607,66.80947646,47.47322222,5.437305222,0,1,93.9,10.1,16
SE,Alabama,1001,2018,2018,70.36749147,8.969210174,24293.06,1444.520672,172.3122667,56.98160651,46.38055556,4.762208985,10,0,91.4,30,10
SE,Alabama,1001,2019,2019,70.14596649,9.315080325,23791.61,1282.845366,200.4656034,49.871398,50.24033333,2.841906235,19,4,90.4,21.4,23
SE,Alabama,1001,2020,2020,70.23408482,9.393625292,23284.8,1624.273492,168.0919207,66.41439016,51.15177778,4.791530909,6,1,92.5,8.4,20
P,Alaska,2016,2011,2011,0,0,16966.88,1058.828596,48.62597216,3.706951134,39.32477778,1.619843905,0,0,92.7,10.7,19
P,Alaska,2016,2012,2012,0,0,17129.42,1143.794588,42.24262005,5.27776939,38.79033333,1.937280791,0,2,91.4,16.7,0
P,Alaska,2016,2013,2013,0,0,17336.8,1081.15268,51.31219576,4.987525761,40.78822222,2.325808334,0,1,91.2,23.2,0
P,Alaska,2016,2014,2014,0,0,17302.5,1154.55179,43.11484735,4.817871476,40.20188889,2.023885622,0,0,91.5,5.8,0
P,Alaska,2016,2015,2015,0,0,17421.82,1116.527671,48.42774155,5.26438164,40.63222222,2.327257676,0,2,94.5,6,0
P,Alaska,2016,2016,2016,0,0,17334.83,1062.144793,49.33682024,3.977591966,39.97611111,2.508641803,0,1,88.3,15.2,54
P,Alaska,2016,2017,2017,0,0,17620.09,1048.085619,52.18256127,4.734555033,39.67555556,2.093764939,0,3,95.7,5.5,91
P,Alaska,2016,2018,2018,0,0,17565.29,1130.731659,41.49592697,4.62750924,39.95255556,2.007511754,0,0,88.7,12.8,24
P,Alaska,2016,2019,2019,0,0,17461.59,1159.44209,44.38195467,4.595891573,41.59322222,2.8212897,0,0,89.5,12.8,0
P,Alaska,2016,2020,2020,0,0,17092.52,1051.394995,52.08645163,4.189352306,41.98633333,2.291031991,0,1,89.2,19.1,0
PS,Arizona,4001,2011,2011,29.89243652,0.056011426,17948.97,628.1373595,230.0896827,9.118151902,28.51666667,1.894988349,0,0,88,15.5,26
PS,Arizona,4001,2012,2012,29.87778738,0.065705712,18091.93,662.2283542,225.8672477,8.961707776,31.26544444,2.224155446,5,0,92.8,17.2,34
PS,Arizona,4001,2013,2013,29.87972623,0.062474283,19052.01,487.5663473,234.0727759,4.946738949,30.48455556,1.848791876,10,0,93.8,21.8,25
PS,Arizona,4001,2014,2014,29.88144966,0.064628569,18119.38,660.0314267,166.9977784,8.487319331,35.09844444,3.021288989,0,0,91.1,15.9,0
PS,Arizona,4001,2015,2015,29.87326338,0.06893714,18624.18,521.8768175,229.6262003,5.120248548,34.29544444,1.413495439,6,4,91,20.5,23
PS,Arizona,4001,2016,2016,29.86873938,0.071737711,18228.44,642.1457665,228.8486486,7.836539486,34.58022222,2.01480044,16,3,89.6,20.9,0
PS,Arizona,4001,2017,2017,29.87067823,0.07195314,17854.28,803.0030864,158.310454,13.75154328,33.58633333,2.432975427,0,1,91.3,20.3,0
PS,Arizona,4001,2018,2018,29.87498681,0.072383997,18679.95,554.2802437,248.4693482,6.380048127,31.38466667,2.279664064,4,0,91.5,7.1,0
PS,Arizona,4001,2019,2019,29.87455595,0.07346114,18282.32,706.1750754,212.562041,10.36591232,32.95322222,2.587999117,6,3,93.1,11.1,0
PS,Arizona,4001,2020,2020,29.87304795,0.074322854,18131.8,634.2186146,200.4134457,7.274411586,35.51811111,3.087887399,0,1,91.7,15,8
SE,Arkansas,5001,2011,2011,8.773248782,0.228810512,22764.76,1176.473051,290.6007876,47.29281166,40.33011111,4.165426106,12,37,89,12.2,18
SE,Arkansas,5001,2012,2012,8.732753547,0.251749166,23023.18,1236.632902,191.0857718,55.66328657,39.35922222,5.464845123,10,22,88.4,20.1,13
SE,Arkansas,5001,2013,2013,8.752942715,0.235417212,23791.52,994.1782316,272.3806702,43.00088891,44.651,2.064457506,32,38,89.5,30.6,13
SE,Arkansas,5001,2014,2014,8.756785037,0.222353018,22771.72,1175.149811,247.6103874,44.46885365,45.47222222,4.441936203,11,42,80.2,20.7,19
SE,Arkansas,5001,2015,2015,8.743991367,0.245250319,22759.82,1367.753358,241.2719125,63.03454718,44.25488889,4.360324999,16,24,89.6,9.3,18
SE,Arkansas,5001,2016,2016,8.72792675,0.251798561,23128.92,992.6144407,236.2887731,32.23481703,44.19644444,3.762242253,18,32,92.1,14,28
SE,Arkansas,5001,2017,2017,8.754087639,0.232177894,22984.19,1339.616664,160.0356466,51.42938801,44.12844444,6.050669653,5,31,93,13.4,14
SE,Arkansas,5001,2018,2018,8.751103699,0.232185487,23607.95,1238.048095,223.9888624,46.61401995,44.12388889,4.632794024,11,55,90.6,24.1,18
SE,Arkansas,5001,2019,2019,8.754373917,0.225645051,23065.15,1173.54225,227.4274738,65.98813067,46.96822222,4.409393002,25,93,93,18,35
SE,Arkansas,5001,2020,2020,8.748691784,0.228937729,22766.38,1358.872011,211.5005859,57.55679899,47.204,6.360795046,13,35,88.3,19.4,29
PS,California,6001,2011,2011,16.02528131,0.014767122,23954.92,938.2579632,88.1785651,46.6991815,53.324,0.73424685,13,6,94.2,8.8,21
PS,California,6001,2012,2012,16.02528131,0.014767122,23729.09,1308.569641,105.1959145,57.10169586,58.56277778,2.576942629,11,2,92.7,10.8,17
PS,California,6001,2013,2013,16.02776137,0.011813349,23483.65,1224.789979,79.30943227,52.1446532,53.72777778,3.269159976,0,2,94.6,7.3,23
PS,California,6001,2014,2014,16.03118816,0.008860273,23708.3,1734.919073,76.71973988,119.8065398,56.32611111,1.208114962,9,0,92.1,24.7,0
PS,California,6001,2015,2015,16.02823474,0.008860273,24229.84,1253.626769,91.79024351,76.13409146,56.59,1.546453449,5,2,90.8,15.8,0
PS,California,6001,2016,2016,16.02433478,0.0059065,23494.94,1497.106873,82.86978315,62.03836406,56.74788889,1.737721273,2,2,94.6,5.9,0
PS,California,6001,2017,2017,16.02386156,0.002953163,24096.81,1295.665755,113.2933715,56.85694805,56.43177778,0.546320588,9,4,89.5,19.7,0
PS,California,6001,2018,2018,16.01700921,0.002952988,24213.41,1213.701422,131.346122,49.43285182,55.30144444,0.893383501,5,4,93,8,4
PS,California,6001,2019,2019,16.01405622,0.002952988,24428.55,1604.020515,121.6147357,99.42881708,54.86822222,1.064959317,14,4,91.1,12.5,0
PS,California,6001,2020,2020,16.01405622,0.002952988,24680.85,1153.381959,106.450035,71.78423765,56.17222222,0.133794852,12,4,91.6,10.9,9
SW,Colorado,8001,2011,2011,0.012237406,0,17887.19,572.3398387,266.5692559,4.479117314,28.467,2.182560564,0,3,91.3,10.5,21
SW,Colorado,8001,2012,2012,0.012237406,0,18039.94,620.4022688,218.5084627,6.536452029,30.86544444,3.101648405,2,1,86.6,12,19
SW,Colorado,8001,2013,2013,0.012237406,0,18690.06,555.2649101,239.4557565,5.875460916,31.43955556,2.251769985,9,1,88.1,15.4,21
SW,Colorado,8001,2014,2014,0.012237406,0,17897.99,641.846544,197.0920676,7.396996322,34.593,2.858110518,0,1,88.1,19.1,10
SW,Colorado,8001,2015,2015,0.012237406,0,18052.86,593.8046771,238.6214681,7.050162915,33.68666667,2.121033756,2,2,90.3,13.1,22
SW,Colorado,8001,2016,2016,0.012237406,0,17917.14,649.8195794,216.0935871,8.232327207,34.45933333,2.498205293,4,14,87.7,19.1,26
SW,Colorado,8001,2017,2017,0.012237406,0,17837.67,664.9596132,166.8116735,6.944669341,33.49933333,2.985134796,1,5,82.7,14.8,22
SW,Colorado,8001,2018,2018,0.012237406,0,18443.76,684.3570056,233.8936226,12.2188756,31.32466667,2.290752014,4,1,88.5,15.5,25
SW,Colorado,8001,2019,2019,0.012237406,0,18022.32,679.597956,226.0047758,8.056413991,33.58477778,2.201295196,7,6,89.4,21.7,11
SW,Colorado,8001,2020,2020,0.012237406,0,17763.54,688.8233349,224.9302459,11.79031839,34.73611111,4.150415151,0,1,90,12.8,12
NE,Connecticut,9001,2011,2011,37.20421078,0.167951294,20135.01,1322.279968,308.4194302,64.82194458,31.75777778,4.608567292,6,0,90.8,10.1,16
NE,Connecticut,9001,2012,2012,37.10523948,0.182946945,20254.69,1460.438357,245.5751766,63.60198819,30.15677778,5.514730377,4,0,86.6,13.2,25
NE,Connecticut,9001,2013,2013,36.97627688,0.170950424,20148.81,1585.709388,201.1122173,68.34558747,34.70977778,6.236143915,0,0,92.8,10.9,0
NE,Connecticut,9001,2014,2014,36.82032211,0.182946945,20192.97,1336.206581,247.413629,61.01177739,37.67022222,7.219846894,1,0,77.2,8.9,23
NE,Connecticut,9001,2015,2015,36.73334733,0.173949555,20128.16,1532.448265,230.0700115,80.58244801,38.01411111,4.184813318,2,0,86.5,18.6,4
NE,Connecticut,9001,2016,2016,36.61638125,0.197942597,20582.8,1252.545336,233.1351455,55.45566933,36.53311111,2.552837623,12,0,80.2,20.6,0
NE,Connecticut,9001,2017,2017,36.51441082,0.176948685,20212.81,1258.784799,242.3979399,51.60133029,36.96622222,4.156933919,10,0,87.5,8.4,0
NE,Connecticut,9001,2018,2018,36.40644213,0.176948685,20678.97,1521.22931,227.2452151,66.30653681,35.46233333,4.518427702,5,0,83.1,12.5,0
NE,Connecticut,9001,2019,2019,36.30747083,0.170950424,20232.29,1496.219472,268.074992,80.20819579,38.40866667,4.320005368,13,0,83.4,18.3,0
NE,Connecticut,9001,2020,2020,36.19050475,0.188945206,20490.22,1662.648739,216.4472958,76.48022505,35.72966667,2.939633265,3,0,85.6,17.2,0
NE,Delaware,10001,2011,2011,15.65245571,1.407892842,21073.51,968.3874862,345.6276247,40.6208781,32.98022222,2.96758417,16,1,86.4,18.5,10
NE,Delaware,10001,2012,2012,15.70378908,1.336262786,21194.84,994.81081,243.8272635,35.83371385,32.01311111,4.31716973,7,0,91.1,6.2,14
NE,Delaware,10001,2013,2013,15.74340873,1.278634203,21094.59,1494.18337,220.9098544,80.90562952,37.21522222,6.109370179,4,0,88.1,14.7,0
NE,Delaware,10001,2014,2014,15.82207816,1.228164956,20870.96,988.0154173,277.7682308,33.85040427,39.46966667,6.067806886,8,0,87.6,16.2,11
NE,Delaware,10001,2015,2015,15.9013146,1.170538448,21236.4,998.7428273,249.0665221,36.73807362,38.28588889,2.537089573,10,0,84.9,24.2,0
NE,Delaware,10001,2016,2016,15.87250135,1.210156672,21582.11,944.7588445,258.5454475,39.51787031,38.669,1.373275513,19,0,84.5,10.4,0
NE,Delaware,10001,2017,2017,15.98775437,1.13452188,21032.73,1073.845064,245.454581,37.22245659,39.02577778,4.039330544,7,1,86.5,9.4,0
NE,Delaware,10001,2018,2018,15.90434344,1.210113088,21737.37,1195.780055,236.2783055,48.10324583,36.71766667,3.5625541,6,0,87.5,9.9,0
NE,Delaware,10001,2019,2019,15.94756177,1.17049629,21225.2,1106.13692,289.99364,61.93170197,40.94377778,1.979189915,22,0,80.9,16.4,0
NE,Delaware,10001,2020,2020,15.94453449,1.152530164,21212.17,1425.7064,220.9556781,59.19939181,38.21533333,2.990967008,5,1,86.2,15.3,0
SE,Florida,12001,2011,2011,42.549697,3.417907912,26223.44,1507.069732,101.92833,54.55517656,60.16355556,2.530185485,15,0,89.2,24.3,24
SE,Florida,12001,2012,2012,42.56494518,3.14173206,26647.12,1023.162003,79.45731562,34.76590448,59.52877778,3.875504054,11,0,87.1,21.8,22
SE,Florida,12001,2013,2013,42.34744443,3.069517202,26914.13,742.6712155,93.2179388,23.28312319,62.55188889,1.014800713,36,1,87.2,17.6,25
SE,Florida,12001,2014,2014,41.9754834,3.193386745,26122.24,1126.284485,104.3398267,41.09958051,62.05422222,2.353447477,28,1,87.9,10.2,23
SE,Florida,12001,2015,2015,41.55182659,3.28249243,26462.38,1202.444834,83.94858341,40.54118231,61.93288889,1.702284004,20,0,91.4,14.8,17
SE,Florida,12001,2016,2016,41.26898815,3.258747984,26495.91,1146.914791,88.25912951,43.28676051,61.18844444,1.914045984,15,0,90.1,13.8,21
SE,Florida,12001,2017,2017,41.14469926,3.133218336,26494.43,1280.860134,68.90642605,40.29963189,61.81544444,2.948194909,19,0,89.2,18.7,17
SE,Florida,12001,2018,2018,40.96266358,3.052485797,27228.71,1139.209431,74.87265569,33.2691218,60.82355556,3.143863076,9,2,91,15.9,17
SE,Florida,12001,2019,2019,40.64133352,3.17841503,26791.16,1216.040214,84.03885695,46.10965234,64.94488889,1.795361016,30,0,91.1,14.2,29
SE,Florida,12001,2020,2020,40.16606417,3.34387709,26708.25,1324.486873,76.84242213,52.24620489,65.38788889,4.182951514,15,0,90,23.7,39
SE,Georgia,13001,2011,2011,69.30015552,3.11560394,25275.14,1399.431794,158.2926503,54.80043234,53.99722222,4.202008609,20,0,89.4,27.6,14
SE,Georgia,13001,2012,2012,69.69492581,3.061118605,25617.84,1148.406322,122.4932826,39.33301613,53.38033333,5.865189918,15,0,86.8,16.7,12
SE,Georgia,13001,2013,2013,70.17070513,3.216935609,26248.15,790.4334222,148.699187,26.83824843,57.05222222,0.970140806,36,0,80.2,6.1,16
SE,Georgia,13001,2014,2014,70.5464169,3.424835245,25125.58,1228.08663,161.3819944,53.60331407,56.65566667,2.764133883,25,0,86.6,15.4,23
SE,Georgia,13001,2015,2015,70.93258602,3.461518501,25519.3,1125.578253,130.8409561,39.76056852,56.31777778,2.756279856,19,0,88.4,20.6,15
SE,Georgia,13001,2016,2016,70.93475891,3.695437795,25420.35,1265.070397,122.7102695,46.32822176,55.98255556,3.766522621,11,0,92,21.1,10
SE,Georgia,13001,2017,2017,71.18907977,3.866715109,25447.59,1410.876869,106.0337719,47.89352036,55.89055556,2.296471052,15,0,92.4,13.9,13
SE,Georgia,13001,2018,2018,71.58872684,3.726579125,26451.4,1172.945332,123.3095012,38.92664818,55.01688889,4.139658413,17,0,90.4,15.7,26
SE,Georgia,13001,2019,2019,72.00913479,3.845954222,25987.11,1102.651294,136.9588449,36.94384877,59.91966667,1.797869533,36,1,92.7,28.3,21
SE,Georgia,13001,2020,2020,72.42435252,3.825193336,25589.53,1274.862111,109.364763,41.68007566,59.98966667,6.117365522,8,0,87.1,13.4,29
P,Hawaii,15001,2011,2011,0,0,27883.48,1935.756129,6.211059895,78.13790346,73.13922222,1.711257404,0,0,94.6,5.1,0
P,Hawaii,15001,2012,2012,0,0,27349.48,1484.868795,3.161547521,35.24175992,75.74,2.500745994,0,0,94.3,8.4,0
P,Hawaii,15001,2013,2013,0,0,27858.29,1586.161036,3.359819828,79.59406112,74.68244444,1.918721239,0,0,93.6,12.7,0
P,Hawaii,15001,2014,2014,0,0,27600.67,720.8873782,3.836565969,6.615627473,74.96411111,2.170238357,0,0,87.1,13.2,0
P,Hawaii,15001,2015,2015,0,0,27948.04,1444.871892,3.303492032,49.85626699,74.52311111,2.56125058,0,0,89.3,23.9,46
P,Hawaii,15001,2016,2016,0,0,27864.63,1352.865483,3.628592666,51.97825743,76.63177778,1.342027084,0,0,96.2,1.7,15
P,Hawaii,15001,2017,2017,0,0,27702.95,883.6539843,3.446168328,11.06695216,75.318,1.766254436,2,0,89.4,7.3,18
P,Hawaii,15001,2018,2018,0,0,27665.28,1459.746911,6.841416744,35.99955476,74.96966667,1.891719912,0,0,85.1,13.2,23
P,Hawaii,15001,2019,2019,0,0,27705.73,1124.114753,3.429215043,12.37987061,74.44277778,2.503473543,0,0,90.5,11,0
P,Hawaii,15001,2020,2020,0,0,27990.01,1103.08731,3.295526166,23.61180393,75.88555556,2.378582093,0,0,91.3,8,0
P,Idaho,16001,2011,2011,0.599785628,0,17301.52,645.5274556,223.0915068,10.51942581,26.32288889,1.44707199,3,2,89.5,12.4,0
P,Idaho,16001,2012,2012,0.599785628,0,17385.97,647.179007,225.7123839,8.140957042,32.04355556,1.58413863,2,1,92.4,7.1,0
P,Idaho,16001,2013,2013,0.599785628,0,17372.53,685.157894,153.0486725,10.37758936,29.23277778,2.802656512,0,3,90.7,8.9,0
P,Idaho,16001,2014,2014,0.599785628,0,17466.53,684.1900257,155.8862514,8.781871505,33.75977778,1.033225309,0,0,84.2,17.5,0
P,Idaho,16001,2015,2015,0.599785628,0,18112.36,561.2605073,202.3836998,5.853190173,33.02655556,2.248135199,3,2,85.1,28.5,15
P,Idaho,16001,2016,2016,0.599785628,0,17446.26,756.5299125,185.1169371,9.853965314,34.26311111,2.548051893,2,3,87.8,6,25
P,Idaho,16001,2017,2017,0.599785628,0,17746.57,627.2267662,197.4722354,8.50171266,34.27011111,0.861120499,1,1,89.5,11.4,16
P,Idaho,16001,2018,2018,0.599785628,0,17832.81,577.5460738,223.699599,7.977023395,30.87,1.549770691,0,3,88.3,11,25
P,Idaho,16001,2019,2019,0.599785628,0,18233.65,558.8558558,239.0493058,6.413696618,32.68022222,1.388922983,0,0,90.1,12.4,0
P,Idaho,16001,2020,2020,0.599785628,0,17887.98,609.3409323,197.8641178,10.0923549,31.76733333,1.059285904,0,1,91.3,6.2,0
MW,Illinois,17001,2011,2011,27.82471717,0.008592296,20343.79,1153.197834,399.8893852,35.32895274,29.50444444,5.890268055,4,5,84,12.2,0
MW,Illinois,17001,2012,2012,27.89918373,0.008592296,20774.46,1255.254578,251.9899249,38.95281142,29.252,5.418468935,1,4,76.4,19.4,0
MW,Illinois,17001,2013,2013,27.96013061,0.005728361,21212.11,952.6289407,294.1622447,26.44849265,34.18333333,2.923961998,8,4,85.6,21,0
MW,Illinois,17001,2014,2014,28.01168586,0.005728361,20399.53,1056.656827,305.2994877,34.07385992,35.88777778,3.365358941,3,7,81.2,13.9,0
MW,Illinois,17001,2015,2015,28.0345993,0.002864181,20495.89,1241.239931,292.1036435,30.43520555,35.61,4.725201921,2,10,84.8,14.7,11
MW,Illinois,17001,2016,2016,28.05178438,0.002864181,20593.75,1195.952769,276.3956773,40.5458152,36.21711111,4.76620117,4,5,83.8,22.8,14
MW,Illinois,17001,2017,2017,28.10333963,0.002864181,20938.59,1209.149462,227.4983746,35.3373197,35.95044444,4.332974886,3,5,80.8,24.9,14
MW,Illinois,17001,2018,2018,28.17494415,0,21270.2,1287.087494,282.4889825,33.71775771,35.85555556,5.766038905,5,6,88.2,6.5,21
MW,Illinois,17001,2019,2019,28.21585083,0,20675.67,1108.352085,280.7882982,35.94801148,38.91755556,5.757575391,6,1,84.1,25,0
MW,Illinois,17001,2020,2020,28.25595051,0,20476.81,982.3514541,282.6837902,24.14160226,37.31288889,4.52346624,7,3,83.7,24.5,13
MW,Indiana,18001,2011,2011,4.938536306,0,18909.36,1161.128212,413.486241,36.36322953,25.20644444,5.202828594,6,1,87.3,9.6,0
MW,Indiana,18001,2012,2012,4.938536306,0,19435.03,1528.114668,274.7040404,57.41822483,23.60377778,5.198789654,0,4,88.7,6.4,0
MW,Indiana,18001,2013,2013,4.938536306,0,19720.42,1328.302427,276.1251888,39.44893482,29.68844444,6.392274855,2,5,85.8,8.3,0
MW,Indiana,18001,2014,2014,4.938536306,0,19001.46,1273.456198,326.9607865,38.55047905,32.90844444,5.682379447,2,2,87,13.8,0
MW,Indiana,18001,2015,2015,4.938536306,0,19047.9,1422.984974,280.2016443,51.48060559,31.48833333,4.324790579,1,3,89.3,8.9,16
MW,Indiana,18001,2016,2016,4.938536306,0,19384.79,1279.782721,284.7689221,34.34217573,31.12588889,3.886796447,2,0,85.2,14.9,12
MW,Indiana,18001,2017,2017,4.938536306,0,19466.13,1245.929082,288.1899866,33.93126164,31.98511111,4.231462455,2,2,81.7,12.4,26
MW,Indiana,18001,2018,2018,4.938536306,0,19958.61,1493.688915,285.9312051,41.50570638,29.68522222,4.395094012,2,2,81.1,12,11
MW,Indiana,18001,2019,2019,4.938536306,0,18952.73,1253.580435,301.0614717,31.76076768,34.75155556,4.968302215,3,0,85.8,18.7,0
MW,Indiana,18001,2020,2020,4.931389365,0,19216.71,1330.580934,287.3850511,37.04780008,30.88166667,3.390774219,1,3,81.8,23.4,26
MW,Iowa,19001,2011,2011,2.756292466,0,19216.36,1177.3024,463.9385998,44.52055647,25.15144444,7.913912857,6,3,84.3,19.2,0
MW,Iowa,19001,2012,2012,2.756292466,0,19703.41,1426.848655,284.4666448,70.3070394,25.05655556,7.082254874,0,1,81.6,18.8,0
MW,Iowa,19001,2013,2013,2.756292466,0,20052.18,1078.063374,309.5080442,52.27247411,27.64755556,4.913453931,2,4,85.3,24.3,0
MW,Iowa,19001,2014,2014,2.756292466,0,19390.06,1084.582417,353.7512287,45.22518493,31.83444444,4.663913459,10,1,77.5,13.2,0
MW,Iowa,19001,2015,2015,2.756292466,0,19481.95,1243.716577,330.7194536,47.29681557,31.01355556,6.046012534,3,0,81.9,13.1,10
MW,Iowa,19001,2016,2016,2.756292466,0,19489.13,1159.634423,300.7745179,50.2435396,31.59566667,5.521185441,2,3,83.6,19.6,21
MW,Iowa,19001,2017,2017,2.756292466,0,20013.48,1243.429847,248.0307701,59.30852554,31.90433333,7.97313976,2,4,82.9,19.4,27
MW,Iowa,19001,2018,2018,2.756292466,0,20174.69,1162.301834,323.3760292,37.8025309,33.38788889,4.87186333,5,1,87.2,5.8,26
MW,Iowa,19001,2019,2019,2.756292466,0,19699.23,1244.895849,300.9671058,74.52599218,34.35633333,9.173944614,4,3,84.5,8.5,0
MW,Iowa,19001,2020,2020,2.760565788,0,19422.06,1123.058634,321.0758463,41.67672245,32.98388889,5.422493827,4,3,83.9,17.2,16
MW,Kansas,20001,2011,2011,6.024274719,0,21827.79,1167.668524,309.8114126,44.9477216,35.94633333,7.237075365,14,11,83.8,14.8,0
MW,Kansas,20001,2012,2012,6.024274719,0,22108.17,1001.23972,212.7080713,34.68461779,37.46522222,4.456180635,5,22,87.5,8.1,0
MW,Kansas,20001,2013,2013,6.024274719,0,22649.11,1005.916075,291.177179,35.32558367,41.40866667,2.732649749,17,28,72.4,20.7,0
MW,Kansas,20001,2014,2014,6.024274719,0,21776.08,1054.59452,263.077202,49.60105982,42.12255556,5.394289369,12,27,85.1,14.1,0
MW,Kansas,20001,2015,2015,6.024274719,0,22147.83,1183.518912,280.0360108,60.05140696,41.33611111,5.376996662,17,34,84.8,14.8,19
MW,Kansas,20001,2016,2016,6.024274719,0,21796.83,1128.345087,242.3906322,50.71829392,41.58488889,6.104983716,7,25,85,17,22
MW,Kansas,20001,2017,2017,6.024274719,0,22152.02,923.1168429,176.4128358,26.86125937,41.65622222,5.443248636,12,29,83.8,16.7,25
MW,Kansas,20001,2018,2018,6.039076377,0,22855.04,957.2583975,283.4772479,36.77909478,40.61977778,4.601279556,17,19,82.7,18.8,17
MW,Kansas,20001,2019,2019,6.039076377,0,22195.16,1085.83514,279.1865682,59.00790515,43.131,4.625377503,18,10,83.8,18.5,0
MW,Kansas,20001,2020,2020,6.039076377,0,21558.3,1105.595084,236.8483583,43.05520111,43.10166667,6.167869909,9,10,82.2,18.3,21
SE,Kentucky,21001,2011,2011,61.34736842,0.390977444,21220.23,1254.501583,322.5862369,36.72141729,34.78977778,5.299918059,13,1,90.6,10.1,18
SE,Kentucky,21001,2012,2012,61.38947368,0.45112782,21501.45,1550.390532,218.9643089,58.74009216,34.31988889,6.282808073,4,4,88.7,17.1,20
SE,Kentucky,21001,2013,2013,61.52180451,0.415037594,21963.04,1156.567988,247.5568072,34.92736027,39.54366667,3.874768942,12,3,82.6,6.7,14
SE,Kentucky,21001,2014,2014,61.71428571,0.396992481,21067.42,1292.394319,265.3053495,40.28749865,40.02655556,6.148012427,4,1,84.9,24.3,17
SE,Kentucky,21001,2015,2015,61.85263158,0.378947368,21272.95,1569.368922,231.4997993,52.13779636,39.012,5.955634132,3,1,91.7,14.5,17
SE,Kentucky,21001,2016,2016,61.98496241,0.372932331,21608.42,1236.090775,236.6427734,41.88927041,40.60444444,2.604399657,12,2,91.2,18.2,22
SE,Kentucky,21001,2017,2017,62.03308271,0.409022556,21714.24,1363.270415,199.4030854,39.88355999,39.88277778,4.941264277,2,2,88.4,15.5,23
SE,Kentucky,21001,2018,2018,62.18345865,0.409022556,22063.64,1580.276873,221.7517568,49.35165916,39.19555556,6.022521544,5,7,92.9,10.3,29
SE,Kentucky,21001,2019,2019,62.36992481,0.384962406,21358.9,1288.62892,239.3967835,34.61103463,42.94288889,4.576501239,9,13,88,16,20
SE,Kentucky,21001,2020,2020,62.45413534,0.384962406,21420.49,1495.611171,224.298735,50.52013016,41.83355556,5.559438571,8,5,82.3,17.5,25
SE,Louisiana,22001,2011,2011,18.36774828,0.314650934,24821.79,1604.940875,193.4767899,80.36619487,50.69822222,4.888030159,22,0,90.2,20.5,11
SE,Louisiana,22001,2012,2012,18.84794078,0.366170565,25220.96,1359.005123,140.8240028,57.36434451,49.51333333,8.132959163,11,0,90,12.8,19
SE,Louisiana,22001,2013,2013,19.4941297,0.350642187,26094.27,957.3180233,208.1034086,59.09730759,54.09811111,1.556299279,50,0,78.8,22.2,18
SE,Louisiana,22001,2014,2014,19.97398297,0.346893724,25341.32,1382.577037,182.2487654,71.39730421,54.53711111,4.134622462,23,1,89.1,13,14
SE,Louisiana,22001,2015,2015,20.35670599,0.363019374,25125.74,1466.054423,189.3015032,85.08718211,53.93055556,4.42382083,17,0,87.2,15.4,13
SE,Louisiana,22001,2016,2016,20.91985788,0.351362021,25140.61,1441.722305,161.6294152,85.04831843,52.80411111,5.277871459,19,0,91.9,19.4,18
SE,Louisiana,22001,2017,2017,21.41813154,0.327868852,24890.97,1668.553248,108.0618786,67.64919029,53.22088889,7.179241658,8,0,91.9,14.2,17
SE,Louisiana,22001,2018,2018,21.82163188,0.3399747,25445.59,1715.161477,144.3758652,71.1748156,52.22655556,4.890784278,8,0,88.5,16.7,23
SE,Louisiana,22001,2019,2019,22.35717677,0.324418421,25300.59,1623.541087,165.4563975,92.4614035,55.49233333,2.515242422,24,0,90.5,19.1,47
SE,Louisiana,22001,2020,2020,22.82875465,0.380017417,24840.78,1551.602994,143.9227318,71.23534146,57.08877778,6.881483138,13,1,89.5,19.9,22
NE,Maine,23001,2011,2011,68.13829251,0.43342405,16679.35,1818.8573,372.1774563,78.94601968,21.73644444,9.000070429,0,0,91.5,6.2,14
NE,Maine,23001,2012,2012,68.04757585,0.483822195,16984.46,1791.6937,291.5888805,64.30613455,17.77755556,6.710275257,0,0,94.6,8.4,22
NE,Maine,23001,2013,2013,67.99213789,0.493901824,16937.29,1497.695615,265.2394421,45.36335453,23.29911111,3.639955987,0,0,88,13.6,23
NE,Maine,23001,2014,2014,67.81574438,0.579578672,17256.42,1608.12127,285.2659608,41.27102931,26.17911111,5.457182727,0,0,76.9,19.4,0
NE,Maine,23001,2015,2015,67.73006753,0.614857373,16848.6,1741.463103,272.6794387,63.52075548,28.00922222,3.935915425,0,0,80,22.2,0
NE,Maine,23001,2016,2016,67.58895273,0.695494406,17179.62,1884.675625,263.1595833,62.84671265,25.60233333,6.349161731,0,0,81.4,9.4,0
NE,Maine,23001,2017,2017,67.5788731,0.640056446,16924.63,1436.839919,280.1509855,40.94652278,26.13188889,5.169752961,0,0,77.5,16.7,0
NE,Maine,23001,2018,2018,67.54863421,0.614857373,17236.2,1755.412293,298.798778,57.55605755,26.03133333,4.327866564,0,0,83.7,7.3,0
NE,Maine,23001,2019,2019,67.45451797,0.599707705,17034.19,1675.470154,308.2708023,63.73511356,25.33366667,6.08518788,0,1,77.6,21.9,0
NE,Maine,23001,2020,2020,67.28317291,0.715617598,17381.09,1627.432365,270.1549384,51.35901547,23.81533333,3.352512337,0,0,81.8,16.4,0
NE,Maryland,24001,2011,2011,82.9171845,0.220314089,19310.2,1235.198374,348.7925315,45.74990294,27.834,4.456043326,5,0,83.1,21.7,12
NE,Maryland,24001,2012,2012,82.94542989,0.203366851,19440.11,1489.799216,235.9990933,48.53230782,27.61033333,6.334785362,1,2,94.9,4.8,14
NE,Maryland,24001,2013,2013,82.96237713,0.203366851,19449.66,1590.313725,233.9053638,55.85015886,33.16555556,5.931341896,3,2,85.2,12.7,43
NE,Maryland,24001,2014,2014,82.90588634,0.276804881,19105.37,1174.88564,287.6818101,29.44942873,34.33733333,6.853770287,0,0,84.2,21.2,0
NE,Maryland,24001,2015,2015,82.9171845,0.293752118,19287,1376.842754,236.3282092,50.63782217,33.31644444,3.63507095,0,0,73.1,19.5,0
NE,Maryland,24001,2016,2016,82.92283358,0.310699356,19680.28,1264.261704,254.4822035,45.826827,34.51988889,2.663492886,9,0,89.2,12.1,0
NE,Maryland,24001,2017,2017,82.88329002,0.367190148,19407.63,1388.799774,241.2714365,41.74142865,34.09288889,5.248254972,2,1,84.3,10.9,0
NE,Maryland,24001,2018,2018,82.93413174,0.327646594,20083.15,1395.259445,234.6627575,37.94713195,32.13555556,5.647485206,1,0,89.9,7.4,0
NE,Maryland,24001,2019,2019,82.93978082,0.327646594,19260.64,1381.368679,278.5563501,46.42913979,37.06911111,4.260946784,4,2,80.6,18.2,0
NE,Maryland,24001,2020,2020,82.99062253,0.305050277,19507.11,1535.747379,242.5955155,53.29187698,33.64255556,3.28900533,1,0,80.6,22.4,0
NE,Massachusetts,25001,2011,2011,14.49303294,0.00770906,20703.13,1125.896808,191.5157506,43.10756156,39.09055556,2.875146642,0,8,91.4,17.6,21
NE,Massachusetts,25001,2012,2012,14.49303294,0.00770906,20880.84,1241.652254,157.5461904,36.68208381,37.09466667,2.879126548,0,8,95.9,4.7,26
NE,Massachusetts,25001,2013,2013,14.49110567,0.009636325,20727.17,1281.450258,136.2345609,38.73516297,40.72544444,3.387164323,0,8,86.7,16.5,30
NE,Massachusetts,25001,2014,2014,14.48917841,0.00770906,20852.09,1050.639363,156.4532111,20.83875814,43.16188889,3.184625683,0,3,86.8,10.5,0
NE,Massachusetts,25001,2015,2015,14.48532388,0.009636325,20896.79,1444.542414,153.4464995,51.15550069,43.36444444,2.44291019,0,4,84.2,10.9,0
NE,Massachusetts,25001,2016,2016,14.49110567,0.00385453,21045.39,1192.47975,145.2923439,34.83321722,43.20233333,1.353031723,0,5,82,17.5,0
NE,Massachusetts,25001,2017,2017,14.48725114,0.00770906,20746.45,1052.616203,154.5775638,33.9609676,42.31766667,2.890105229,0,5,83.8,11.8,0
NE,Massachusetts,25001,2018,2018,14.48532388,0.009636325,21194.64,1137.927015,150.1954638,32.31370641,41.62244444,2.318537038,0,5,88.1,14.9,0
NE,Massachusetts,25001,2019,2019,14.48339661,0.01156359,20857.35,1198.434422,171.7851968,35.20335588,43.77611111,2.223875766,1,4,80.8,23.5,0
NE,Massachusetts,25001,2020,2020,14.48339661,0.01156359,21302.78,1300.919374,138.4475335,39.45259952,41.35666667,1.393793714,0,10,87.8,9.8,0
MW,Michigan,26001,2011,2011,24.56334945,0.452548915,17424.97,1080.360511,464.4628117,31.77081654,20.21122222,4.60273309,3,0,87.9,14.3,0
MW,Michigan,26001,2012,2012,24.58436871,0.420068631,17877.42,1400.839629,327.150634,57.89513375,16.49,3.341548488,1,0,83.4,14.7,0
MW,Michigan,26001,2013,2013,24.57105668,0.439297125,18231.02,1602.371547,309.8265671,69.18384313,23.14922222,7.211664907,0,0,86.4,9.3,0
MW,Michigan,26001,2014,2014,24.58769062,0.417116571,17784.56,1426.885978,363.0862086,58.85172435,28.12888889,7.258892357,0,2,82.6,14,0
MW,Michigan,26001,2015,2015,24.62171077,0.389012972,17471.31,1161.145872,341.3011967,29.08841998,26.70966667,4.728035055,0,0,87.2,5.3,13
MW,Michigan,26001,2016,2016,24.61579422,0.397887793,17891.86,1381.913347,333.4565002,44.90760531,24.72655556,3.933142204,0,1,87.2,9.4,25
MW,Michigan,26001,2017,2017,24.60173064,0.409733008,17771.24,1351.287212,330.4369288,55.63468195,27.16544444,5.633589709,1,0,83.5,19.4,21
MW,Michigan,26001,2018,2018,24.59877228,0.408253827,18184.58,1437.393814,354.9180972,48.04703127,25.14188889,4.089907914,1,2,82.5,9.9,18
MW,Michigan,26001,2019,2019,24.55180167,0.460031951,17422.46,1370.555533,333.1996338,49.3946609,26.55744444,6.192349777,0,1,83.7,22,0
MW,Michigan,26001,2020,2020,24.55512329,0.45116341,18014.34,1191.567914,334.5874741,28.03325825,25.68777778,3.704906905,0,0,81.4,21.7,16
MW,Minnesota,27001,2011,2011,60.54661337,1.745705952,16228.04,992.4103374,573.1621724,34.45163772,14.737,3.74879872,2,0,87.2,5.4,0
MW,Minnesota,27001,2012,2012,60.91777292,1.29718258,17209.38,763.445317,405.811424,19.24215133,11.65633333,1.649099751,0,0,83.4,23.8,0
MW,Minnesota,27001,2013,2013,60.94291407,1.282051282,16972.8,1282.807227,382.526924,48.12846852,15.74611111,7.852467393,0,0,82.4,15.3,0
MW,Minnesota,27001,2014,2014,60.93953045,1.299488868,16505.58,1127.388165,481.1031362,35.07370159,20.62588889,4.763933001,1,0,78.6,11.1,0
MW,Minnesota,27001,2015,2015,60.92880196,1.325622198,16226.68,1121.150191,446.4984223,43.43367595,18.60877778,7.473837301,0,0,86.4,10.1,26
MW,Minnesota,27001,2016,2016,60.84526569,1.386391699,16584.87,1195.360664,418.3883584,37.70842044,16.92788889,4.734609288,0,3,87.9,15.3,18
MW,Minnesota,27001,2017,2017,60.86824661,1.362592609,16848.76,1063.985388,365.8158672,33.3055095,20.74933333,4.937439822,1,6,82.4,23,17
MW,Minnesota,27001,2018,2018,60.82284377,1.412570141,16999.75,1198.369957,441.6375046,38.87073518,20.05011111,4.55403823,0,2,84,17.6,24
MW,Minnesota,27001,2019,2019,60.74794705,1.48202717,16636.61,1083.630648,377.7539859,42.26031747,19.00277778,4.326747944,0,1,84.3,14.6,0
MW,Minnesota,27001,2020,2020,60.66088841,1.570964247,16839.62,884.0330572,427.0663055,24.74505517,19.335,2.737485642,0,3,82.7,12.3,24
SE,Mississippi,28001,2011,2011,56.31830803,6.894310864,24829.31,1626.07948,202.5848715,114.321013,50.634,3.94656932,35,0,88.6,16.9,17
SE,Mississippi,28001,2012,2012,55.86268127,7.599881622,25067.17,1341.704738,141.9446862,72.62794744,49.33644444,7.986090804,15,0,92.1,6.4,11
SE,Mississippi,28001,2013,2013,56.1345334,7.59118901,26001.36,953.635037,210.609223,71.36800785,53.71566667,1.345816223,52,0,75.9,7,35
SE,Mississippi,28001,2014,2014,56.51813226,7.537331121,25278.86,1289.646761,187.5612908,65.30817911,53.80711111,3.47633149,31,0,89,15.8,20
SE,Mississippi,28001,2015,2015,56.81683462,7.492590397,24992.17,1512.848309,184.5580801,103.9065721,53.52844444,4.48758877,21,0,91.1,27.8,35
SE,Mississippi,28001,2016,2016,57.29957306,7.269924099,25028.2,1475.380804,161.3171814,105.6890944,52.446,4.955777134,23,0,90.5,22.1,35
SE,Mississippi,28001,2017,2017,57.92158491,6.939913399,24877.71,1696.430787,113.2765417,98.41522529,52.82466667,6.650809261,5,0,89.6,18.3,19
SE,Mississippi,28001,2018,2018,58.18203394,6.858905898,25345.89,1743.459639,143.88962,79.94897041,51.89066667,4.289473872,8,0,90.3,17.2,16
SE,Mississippi,28001,2019,2019,58.32789027,6.959206698,25183.34,1609.255671,163.7042952,97.16305214,55.09933333,2.071528111,29,1,87,18.4,19
SE,Mississippi,28001,2020,2020,58.55802352,6.912935028,24773.77,1520.497204,146.7676679,81.14569421,56.80855556,5.908283142,17,0,88.1,18.9,16
MW,Missouri,29001,2011,2011,22.41218527,0,19216.36,1177.3024,463.9385998,44.52055647,25.15144444,7.913912857,6,21,83.7,17.5,0
MW,Missouri,29001,2012,2012,22.40330388,0,19703.41,1426.848655,284.4666448,70.3070394,25.05655556,7.082254874,0,27,85.1,11.8,0
MW,Missouri,29001,2013,2013,22.42550735,0,20052.18,1078.063374,309.5080442,52.27247411,27.64755556,4.913453931,2,36,84,23.1,0
MW,Missouri,29001,2014,2014,22.43882943,0,19390.06,1084.582417,353.7512287,45.22518493,31.83444444,4.663913459,10,20,79.2,19,0
MW,Missouri,29001,2015,2015,22.45215152,0,19481.95,1243.716577,330.7194536,47.29681557,31.01355556,6.046012534,3,29,85.5,18.1,16
MW,Missouri,29001,2016,2016,22.4654736,0,19489.13,1159.634423,300.7745179,50.2435396,31.59566667,5.521185441,2,34,83.5,16.2,8
MW,Missouri,29001,2017,2017,22.47879568,0,20013.48,1243.429847,248.0307701,59.30852554,31.90433333,7.97313976,2,33,86.2,11.9,19
MW,Missouri,29001,2018,2018,22.48323638,0,20174.69,1162.301834,323.3760292,37.8025309,33.38788889,4.87186333,5,17,85.6,10.2,14
MW,Missouri,29001,2019,2019,22.50099916,0,19699.23,1244.895849,300.9671058,74.52599218,34.35633333,9.173944614,4,24,84.2,14.5,0
MW,Missouri,29001,2020,2020,22.50988055,0,19422.06,1123.058634,321.0758463,41.67672245,32.98388889,5.422493827,4,13,85.3,13.8,16
P,Montana,30001,2011,2011,29.90272873,0.034518467,13013.23,1279.984207,269.984179,19.48545754,15.96311111,4.054158078,0,3,94.9,6.7,0
P,Montana,30001,2012,2012,29.82882381,0.028765389,13141.28,1347.769286,243.0439734,21.54057107,20.14622222,3.724440154,0,3,93,14.6,0
P,Montana,30001,2013,2013,29.78824154,0.02965061,13167.26,1364.702467,187.8528382,21.35442305,16.98988889,6.452290849,0,5,94,12,0
P,Montana,30001,2014,2014,29.81612197,0.030093156,13091.75,1600.688232,180.2689172,25.22982012,21.34255556,4.914982495,0,1,89.6,23.1,0
P,Montana,30001,2015,2015,29.81992627,0.033191275,13558.11,1242.536945,216.3850594,20.17421429,20.25111111,5.364769415,0,7,88.9,34.1,54
P,Montana,30001,2016,2016,29.83099003,0.031421073,13142.89,1438.224061,227.2157495,20.36738784,21.77677778,5.089552875,0,3,92.2,5.1,22
P,Montana,30001,2017,2017,29.82815619,0.030536243,13408.28,1518.572,208.3477108,27.00418277,21.44344444,3.688847882,0,6,89.5,10.6,16
P,Montana,30001,2018,2018,29.80956891,0.03540434,13457.56,1207.529494,264.5923772,18.44669159,17.91255556,4.20565218,0,4,88.4,10.7,40
P,Montana,30001,2019,2019,29.78372183,0.036732328,13751.53,1305.353989,240.1829276,20.65155853,18.98477778,5.016408231,0,2,90.1,9.9,0
P,Montana,30001,2020,2020,29.80850508,0.040272793,13459.05,1215.994318,209.0699754,18.81351682,18.85066667,3.979828652,0,1,86.8,11.6,0
MW,Nebraska,31001,2011,2011,1.496002063,0,19145.8,1077.936919,357.587741,36.0149991,30.14466667,6.788026804,3,4,84.6,28.6,0
MW,Nebraska,31001,2012,2012,1.487788098,0,19470.69,1229.93442,234.8288747,56.20475524,32.21155556,6.128203148,3,6,82.8,9.5,0
MW,Nebraska,31001,2013,2013,1.483488132,0,19679.37,1225.629047,256.3131019,52.3755132,30.18611111,5.881272035,1,17,82.9,22.5,0
MW,Nebraska,31001,2014,2014,1.483488132,0,19126.49,1382.322333,278.159188,75.3742546,35.13044444,5.872569496,4,6,79.9,17.3,0
MW,Nebraska,31001,2015,2015,1.483615722,0,19487.04,1138.603875,268.1976028,50.46053767,33.26744444,6.993670684,5,25,84.3,11.9,21
MW,Nebraska,31001,2016,2016,1.483743334,0,19369.02,1053.181052,246.2638728,47.02313907,34.51788889,6.442189851,1,10,83.6,19.5,26
MW,Nebraska,31001,2017,2017,1.483743334,0,19855.98,811.7790524,197.0485016,23.57492036,35.43533333,5.272920242,6,7,83.1,20.4,11
MW,Nebraska,31001,2018,2018,1.479697178,0,19847.12,1194.454584,295.4431922,50.11167626,35.13855556,4.193184162,5,6,80.9,13.8,18
MW,Nebraska,31001,2019,2019,1.47564963,0,19524.98,939.8091496,257.9852011,39.08496438,34.865,6.649177868,2,18,82.1,22.6,0
MW,Nebraska,31001,2020,2020,1.467045259,0,19131.65,1029.163722,267.4938611,44.09124337,33.58555556,6.485042645,3,5,81.6,23.6,10
PS,Nevada,32001,2011,2011,5.890916804,0,17108.61,1061.756839,178.7744536,27.34703031,27.95288889,2.167488735,0,1,92.4,17.7,14
PS,Nevada,32001,2012,2012,5.890916804,0,17127.76,1191.769584,206.292842,31.38736664,33.71,3.274040629,1,1,89.3,15.1,18
PS,Nevada,32001,2013,2013,5.890945203,0,17162.04,1020.613574,152.4927989,23.47074186,29.70211111,2.968416796,0,0,91.3,20.6,43
PS,Nevada,32001,2014,2014,5.8910304,0,17130.47,1316.547047,158.5355493,37.12906371,33.69777778,1.548834915,0,0,91,11.9,12
PS,Nevada,32001,2015,2015,5.8910304,0,17787.69,1130.488966,185.7409082,37.87738268,33.27077778,2.654192154,0,0,95.2,17.5,23
PS,Nevada,32001,2016,2016,5.8910304,0,16857.9,1396.035628,164.7481855,30.33506092,34.25222222,2.941741274,1,0,92,13,0
PS,Nevada,32001,2017,2017,5.8910588,0,17237.1,1340.714173,179.1497839,54.23637844,33.28777778,1.832299296,0,3,90,9,0
PS,Nevada,32001,2018,2018,5.8910588,0,17697.04,1049.457656,217.3883141,28.10784784,31.46877778,2.227865832,0,2,91.7,9.3,0
PS,Nevada,32001,2019,2019,5.8910588,0,17873.49,1208.321661,211.1042828,30.70446344,32.19655556,1.880932445,0,0,93.6,12.9,0
PS,Nevada,32001,2020,2020,5.8910872,0,17777.26,1205.950396,182.1227086,52.12688261,33.80777778,1.182347629,0,0,95,9.2,23
NE,New Hampshire,33001,2011,2011,71.07903633,0.563395396,18826.95,1147.995813,291.3971641,58.20514468,30.48388889,3.822679024,0,0,88.2,8.3,22
NE,New Hampshire,33001,2012,2012,71.0468423,0.617052101,18976.9,1257.181897,224.3218392,54.9346987,27.10722222,5.050751548,0,0,94.3,8.8,27
NE,New Hampshire,33001,2013,2013,71.00391694,0.659977464,18827.72,1190.534243,194.0279757,46.0607289,31.88955556,3.358210341,0,0,87,9.2,0
NE,New Hampshire,33001,2014,2014,71.03074529,0.643880453,19141.55,1073.976232,222.7848314,31.37482942,34.55855556,3.680304796,0,0,88.6,14.8,7
NE,New Hampshire,33001,2015,2015,71.01464828,0.649246123,18959.58,1400.744316,213.416317,65.27614092,35.68644444,2.766463653,0,1,81.5,14.2,0
NE,New Hampshire,33001,2016,2016,71.06830498,0.600955089,19195.77,1195.857029,205.4891745,37.55690545,34.63411111,2.450872589,1,1,85.3,20.7,0
NE,New Hampshire,33001,2017,2017,71.01464828,0.665343135,19027.41,977.4384588,223.925022,36.09073457,34.04844444,3.301379414,2,1,82.6,9.5,0
NE,New Hampshire,33001,2018,2018,71.03074529,0.659977464,19365.63,1124.523358,227.5336348,31.86056709,33.60511111,2.88705957,3,0,82.8,16.3,0
NE,New Hampshire,33001,2019,2019,71.04147663,0.676074476,19079.03,1088.988808,250.1135966,42.59189052,34.59444444,2.510215772,5,1,84.1,17,0
NE,New Hampshire,33001,2020,2020,71.084402,0.665343135,19466.59,1177.768824,207.9130347,48.06168859,32.59922222,1.338302877,0,1,83.2,18.6,0
NE,New Jersey,34001,2011,2011,55.22303537,0.078410873,22311.83,1183.122324,186.4169938,46.61063926,42.64744444,2.994490257,0,3,87.9,12.9,25
NE,New Jersey,34001,2012,2012,55.25352849,0.056630075,22619.21,1273.139609,143.2956531,55.31441702,42.04755556,3.058417711,1,0,95,6.4,25
NE,New Jersey,34001,2013,2013,55.26224081,0.052273915,22444.64,1521.84745,121.6567044,78.79488505,46.13422222,4.898830884,0,2,83.1,9.8,0
NE,New Jersey,34001,2014,2014,55.27095313,0.056630075,22376.72,1039.877566,155.2299744,42.10296557,48.66,2.782769593,5,1,85.3,8.8,0
NE,New Jersey,34001,2015,2015,55.29273393,0.052273915,22701.82,1350.325181,141.663139,58.47192752,48.25966667,2.167285922,3,1,85.7,11.6,0
NE,New Jersey,34001,2016,2016,55.28837777,0.069698554,22847.57,1084.867948,142.3964277,40.87593336,48.25133333,1.277949459,9,5,85.8,19.7,0
NE,New Jersey,34001,2017,2017,55.3058024,0.060986235,22455.12,1154.973173,146.7871207,42.0806997,47.74166667,3.895145136,0,2,85.1,10.8,0
NE,New Jersey,34001,2018,2018,55.3275832,0.047917756,22934.71,1256.371524,134.5355569,51.92187608,46.14444444,2.544448574,2,1,85.1,17.8,0
NE,New Jersey,34001,2019,2019,55.34065168,0.052273915,22541.16,1181.892081,161.7207412,44.98222381,49.96955556,1.699266713,6,2,80.7,12.2,0
NE,New Jersey,34001,2020,2020,55.36048791,0.052276193,22905.24,1662.605742,129.1806022,78.06895462,46.818,3.103304245,1,3,84.8,21,0
SW,New Mexico,35001,2011,2011,19.46259985,0.047722793,18034.25,751.7689044,204.0917449,20.81387251,28.58844444,1.846994201,0,7,88.7,9.7,11
SW,New Mexico,35001,2012,2012,19.4372977,0.049796664,18372.25,601.0017092,210.0191245,17.85528836,32.782,2.310161417,4,1,88.6,28.6,13
SW,New Mexico,35001,2013,2013,19.43066996,0.051870448,19228.97,539.0659144,235.6544024,11.30086662,32.30577778,1.718120211,20,1,88.8,15.6,16
SW,New Mexico,35001,2014,2014,19.43026682,0.043570273,18220.56,698.112702,154.7547941,14.43886491,35.99933333,3.078904432,0,5,86.1,14.3,14
SW,New Mexico,35001,2015,2015,19.45061101,0.043569369,18786.65,507.3216491,234.9979714,12.09053716,34.96755556,1.207549635,7,8,88,22.8,25
SW,New Mexico,35001,2016,2016,19.45643154,0.03526971,18521.6,571.6183048,219.049021,11.34444777,35.64388889,2.16975594,17,7,87.3,12.8,21
SW,New Mexico,35001,2017,2017,19.48299828,0.010373229,18018.06,813.4110056,156.7455732,21.25977913,35.11644444,2.86085227,1,5,91.3,12.1,14
SW,New Mexico,35001,2018,2018,19.47844488,0.014522219,18708.39,562.2495716,240.6565474,11.25534261,32.21388889,1.752043632,5,1,84.7,16.9,21
SW,New Mexico,35001,2019,2019,19.47181711,0.029043835,18610.53,569.3570124,215.3046422,11.23099896,33.88133333,1.544604509,10,2,87.8,16.3,13
SW,New Mexico,35001,2020,2020,19.46726413,0.026968716,18373.55,600.9641412,196.7809249,12.82402315,35.91966667,3.477567192,1,1,88.5,16.1,21
NE,New York,36001,2011,2011,57.23189734,0.164986251,17480.49,1909.500932,371.7299975,79.71081766,22.49377778,7.930704793,0,0,88.9,6.1,18
NE,New York,36001,2012,2012,57.20898258,0.174152154,17679.26,2056.047631,281.3206568,75.72885426,19.91988889,9.197126774,0,0,96.3,4.6,21
NE,New York,36001,2013,2013,57.21356554,0.174152154,17662.2,2041.729616,245.1257726,88.80222406,26.07644444,6.186684509,0,0,84.8,21.1,12
NE,New York,36001,2014,2014,57.2731439,0.1604033,17766.14,1780.869236,285.1973269,62.26881669,28.978,7.693057603,0,3,82.3,16.3,0
NE,New York,36001,2015,2015,57.28689276,0.137488543,17601.25,1948.858449,276.1824677,76.35805297,29.91388889,5.41054928,0,0,84.3,20.6,0
NE,New York,36001,2016,2016,57.27772686,0.169569203,17961.09,1910.16398,259.9836042,73.67425135,27.76066667,5.367913255,0,0,83.9,9.4,0
NE,New York,36001,2017,2017,57.30064161,0.1604033,17650.16,1578.171323,280.7819335,47.72918876,28.65766667,6.093289611,0,0,85.7,9.8,0
NE,New York,36001,2018,2018,57.263978,0.155820348,18182.7,1952.878224,280.4515219,70.3439722,27.33655556,6.249179048,1,0,87.3,19.9,0
NE,New York,36001,2019,2019,57.30980752,0.174152154,17663.74,1858.579374,306.422672,76.6043536,28.99966667,6.052845971,1,3,83.1,9.5,0
NE,New York,36001,2020,2020,57.37396884,0.169569203,17999.8,2143.075735,257.905127,78.95104448,26.9,4.621595729,0,2,85,12.9,0
SE,North Carolina,37001,2011,2011,54.30408049,1.084404695,21681.83,981.3810512,304.3349687,30.4309019,35.79577778,2.332848232,8,0,84.4,14.3,11
SE,North Carolina,37001,2012,2012,54.24259363,0.978200112,21796.34,1068.959051,205.603273,38.66739821,35.22677778,4.70571052,9,1,88.6,28.6,46
SE,North Carolina,37001,2013,2013,54.2314142,0.933482392,21816.85,1242.985046,213.5636111,51.46709766,41.24433333,2.961216099,8,2,80.8,30.8,11
SE,North Carolina,37001,2014,2014,54.10285075,0.933482392,21370.39,941.393293,254.4245292,33.06937233,41.635,5.823015615,10,0,86,21.7,30
SE,North Carolina,37001,2015,2015,54.08608161,0.894354388,21761.68,1045.824514,227.0946412,37.13044076,40.29777778,2.672949419,9,1,92.8,16.6,17
SE,North Carolina,37001,2016,2016,54.08049189,0.810508664,22019.81,1093.790313,225.2827931,50.10611688,41.80633333,1.754030744,14,1,91.6,17.3,31
SE,North Carolina,37001,2017,2017,53.94633874,0.804918949,21697.84,1110.557128,203.7737936,32.46671143,41.24466667,3.364988293,1,1,91.3,20.3,18
SE,North Carolina,37001,2018,2018,53.784237,0.849636669,22518.92,1070.104238,217.4300829,35.08182477,40.10744444,3.230573874,9,3,91.9,18,18
SE,North Carolina,37001,2019,2019,53.51034097,0.950251537,21814.26,1016.038048,259.0802163,37.71246154,44.19266667,2.277338937,16,3,89.5,14.8,25
SE,North Carolina,37001,2020,2020,53.39854667,0.933482392,21841.44,1290.127419,198.5792212,47.8142235,41.379,3.065558078,9,1,91.1,16.1,17
MW,North Dakota,38001,2011,2011,0.002443554,0,17431.75,799.7563794,386.5025614,18.43283348,22.34355556,4.502532223,0,2,81.2,11.9,0
MW,North Dakota,38001,2012,2012,0.002443614,0,17625.02,852.682268,276.6340149,26.07864877,27.53311111,3.897301535,1,3,82.3,21.1,0
MW,North Dakota,38001,2013,2013,0.002443614,0,17676.89,1037.479889,231.4585571,26.53863043,23.23633333,5.245296551,0,0,81.7,14,0
MW,North Dakota,38001,2014,2014,0.002443614,0,17067.72,1015.60546,334.3556882,31.69097409,30.54455556,4.807523683,0,4,81.6,5.6,0
MW,North Dakota,38001,2015,2015,0.002443614,0,17530.7,1009.556381,297.5610069,25.74539919,25.57188889,7.340625207,5,5,82.5,13.8,16
MW,North Dakota,38001,2016,2016,0.002443673,0,17420.12,797.795681,289.8945375,16.08589738,28.16011111,3.867984855,1,0,82.7,16.8,21
MW,North Dakota,38001,2017,2017,0.002443673,0,17930.23,744.3687111,231.2467398,15.56945724,29.35755556,4.280636615,0,1,84.1,12,13
MW,North Dakota,38001,2018,2018,0.002443673,0,17868.67,837.2008863,310.7568712,19.80541973,28.91555556,5.321123304,0,3,84.3,17.7,11
MW,North Dakota,38001,2019,2019,0.002443673,0,17733.1,715.6232208,273.2909298,16.53605336,27.49988889,5.01724412,0,5,82.8,20.3,0
MW,North Dakota,38001,2020,2020,0.002443793,0,17598.71,891.6749756,291.8405697,23.97000091,27.99355556,3.271521601,2,8,82.8,18.2,14
MW,Ohio,39001,2011,2011,57.4556701,0.222680412,20031.41,1271.268406,357.470573,32.84567872,30.29277778,6.031809897,8,1,83.4,21.6,0
MW,Ohio,39001,2012,2012,57.45628505,0.243319037,20430.09,1532.543838,238.8057276,60.05806232,29.35355556,5.715088519,1,0,84.1,11,0
MW,Ohio,39001,2013,2013,57.52639393,0.210326625,20691.35,1348.607756,253.6406739,41.04314272,35.22377778,6.625458497,4,2,89.5,3.8,0
MW,Ohio,39001,2014,2014,57.57588255,0.210326625,19948.39,1300.197137,289.2978067,40.32871957,36.31,6.578812181,2,1,80.7,11.2,0
MW,Ohio,39001,2015,2015,57.54701419,0.243319037,20069.88,1572.987027,249.9622087,47.93093117,35.65311111,5.475046232,1,1,81.2,17.5,24
MW,Ohio,39001,2016,2016,57.62600016,0.185597624,20389.68,1354.79253,256.3854636,39.80676227,36.11422222,2.732583133,8,0,80.1,12.5,25
MW,Ohio,39001,2017,2017,57.62425242,0.21035265,20527.6,1351.751305,236.5573363,43.61876462,35.92777778,4.637194895,6,2,79.5,11.3,15
MW,Ohio,39001,2018,2018,57.68612085,0.189729841,20933.35,1522.817537,248.8132901,36.95960306,35.02555556,4.39220374,5,1,81.3,13.6,17
MW,Ohio,39001,2019,2019,57.69500474,0.197995298,20045.06,1461.551278,267.5605569,48.38532094,38.96011111,5.868560826,8,0,84.8,18.3,0
MW,Ohio,39001,2020,2020,57.70325455,0.206245102,20229.95,1412.726767,247.9967182,39.55589068,36.29788889,3.330558338,0,0,81.3,13,12
SW,Oklahoma,40001,2011,2011,57.44279608,0.243064286,22280.77,1726.020038,270.6402328,72.09704101,39.19222222,8.405535256,10,15,87.8,22.2,16
SW,Oklahoma,40001,2012,2012,57.44279608,0.226301232,22697.6,1780.177986,188.3350596,107.4444256,39.16044444,8.598622288,4,17,88.8,20.7,26
SW,Oklahoma,40001,2013,2013,57.4637499,0.201156651,23554.67,1353.744496,282.3146328,74.65874589,43.97966667,4.151814916,24,10,86.2,15.3,24
SW,Oklahoma,40001,2014,2014,57.47213142,0.176012069,22523.34,1661.867252,248.7824206,89.26503058,45.09044444,6.689625424,10,17,86.7,14.4,12
SW,Oklahoma,40001,2015,2015,57.41346073,0.192775124,22466.61,1848.113773,240.8991466,90.11620239,43.87355556,8.872994069,10,23,87,14.5,18
SW,Oklahoma,40001,2016,2016,57.38412539,0.18858436,22696.99,1474.125314,232.7649059,69.19698457,43.96255556,7.273710742,9,26,90.3,15.3,25
SW,Oklahoma,40001,2017,2017,57.35898081,0.184393597,22530.74,1763.595493,145.9083492,84.60580156,43.63444444,9.881718459,2,41,85.6,18.6,26
SW,Oklahoma,40001,2018,2018,57.31707317,0.205347414,23416.96,1502.050895,237.8760558,61.70297355,43.65777778,6.724090162,18,4,85.9,18.4,17
SW,Oklahoma,40001,2019,2019,57.3254547,0.18858436,22801.18,1487.785881,234.0199135,79.78252081,46.12644444,6.972388464,22,25,88.9,15,15
SW,Oklahoma,40001,2020,2020,57.26259324,0.196965887,22316.49,1894.267853,207.6137788,102.0973843,46.56444444,8.848522324,7,6,88.7,12.7,11
P,Oregon,41001,2011,2011,34.05312754,0.224625884,16563,1046.614249,185.4010958,19.25607869,27.15355556,3.177230268,0,5,92.6,10.6,0
P,Oregon,41001,2012,2012,34.01244472,0.246546394,16704.19,1088.870855,192.1347965,16.89123719,32.60511111,2.939943657,0,0,91.4,14.1,0
P,Oregon,41001,2013,2013,34.01014434,0.263001346,16746.68,1149.283649,127.494918,18.01788466,28.96166667,5.31824655,0,3,92.6,19.3,0
P,Oregon,41001,2014,2014,34.03860605,0.254399148,16807.94,1063.268395,137.3966798,13.29727876,33.31811111,2.385192187,1,4,93.2,7.8,0
P,Oregon,41001,2015,2015,34.10357568,0.23326445,17375.57,1019.749371,155.3833927,14.58566184,32.22544444,5.081391029,0,6,87.4,13.6,26
P,Oregon,41001,2016,2016,34.07514677,0.245792564,16916.82,1179.070246,172.2010064,17.57191528,33.87211111,3.741357121,0,4,92.4,8.7,20
P,Oregon,41001,2017,2017,34.06240704,0.251287752,17176.75,948.0975305,177.0190397,11.06748871,33.56788889,2.403452071,0,2,92.1,21.9,20
P,Oregon,41001,2018,2018,34.05406252,0.262249395,17173.72,961.9794944,205.3830536,16.05602585,30.51666667,3.563062457,0,8,92.6,7.5,29
P,Oregon,41001,2019,2019,34.03162674,0.278691091,17491.08,911.926709,190.595606,12.03415497,31.38855556,2.972121914,0,1,86.2,16.2,0
P,Oregon,41001,2020,2020,34.01571968,0.295135355,17232.42,913.0691551,162.7821661,12.02756741,31.01733333,2.031565207,0,1,87.7,4.4,0
NE,Pennsylvania,42001,2011,2011,36.53195489,0.037593985,20841.51,997.1995075,347.7707772,39.3589497,32.20933333,3.159784209,13,1,91.8,6.2,8
NE,Pennsylvania,42001,2012,2012,36.57126745,0.009398938,20954.67,1050.549196,245.8085577,36.50673201,31.25377778,4.554261072,4,0,94.4,8.2,17
NE,Pennsylvania,42001,2013,2013,36.59006532,0.009398938,20866.23,1507.293519,221.6259916,73.73664945,36.40377778,6.296260185,3,0,82.9,9,0
NE,Pennsylvania,42001,2014,2014,36.59476479,0.009398938,20649.23,1021.764635,279.6578846,33.78148342,38.79344444,6.168591926,5,0,83.7,18.7,0
NE,Pennsylvania,42001,2015,2015,36.6088632,0.004699469,20970.06,1028.944339,249.1392992,35.77320453,37.62788889,2.689123722,2,3,83.1,9.4,0
NE,Pennsylvania,42001,2016,2016,36.64645895,0.004699469,21336.89,963.5941252,258.8815503,38.25347507,37.89,1.449401828,17,4,84.6,13.6,0
NE,Pennsylvania,42001,2017,2017,36.64175948,0.014098407,20819.84,1077.84417,248.9805853,34.79278495,38.32311111,4.047855094,6,2,84.2,13.2,0
NE,Pennsylvania,42001,2018,2018,36.63706001,0.009398938,21507.27,1201.48897,238.6668444,43.84871297,35.98466667,3.589338676,4,1,85.4,11.1,0
NE,Pennsylvania,42001,2019,2019,36.65115842,0.009398938,20974.13,1120.233139,290.8730911,60.14998192,40.22888889,2.158290818,18,2,82.1,9.5,0
NE,Pennsylvania,42001,2020,2020,36.65585789,0.009398938,20984,1436.254384,223.5809034,55.93538669,37.43055556,3.056995078,2,0,82,27.1,0
NE,Rhode Island,44003,2011,2011,56.38730675,0.569568755,21086.73,1111.062356,203.4318207,51.63243184,39.295,2.722964412,1,0,90.4,11.9,26
NE,Rhode Island,44003,2012,2012,56.46867372,0.366151343,21264.03,1170.281443,168.6481149,43.95567515,37.55266667,2.424384569,3,0,93.6,10.8,0
NE,Rhode Island,44003,2013,2013,56.48223488,0.284784378,21112.95,1325.851253,144.4672997,55.21974253,41.319,3.646789799,0,0,84.6,12.3,23
NE,Rhode Island,44003,2014,2014,56.37374559,0.311906699,21199.22,1047.173728,170.7032005,30.3122145,43.85033333,3.720221509,1,0,84.5,16.4,3
NE,Rhode Island,44003,2015,2015,56.21101166,0.352590182,21269.39,1427.525253,165.2291304,64.26876852,43.97011111,2.394968903,0,0,84.8,17.1,0
NE,Rhode Island,44003,2016,2016,56.17032818,0.339029021,21439.31,1208.755556,157.679711,49.78145121,43.616,1.125524723,1,0,83,8.7,0
NE,Rhode Island,44003,2017,2017,56.06183889,0.352590182,21125.86,1072.2443,165.4115074,41.48363175,42.847,3.143594341,0,0,82.8,19.1,0
NE,Rhode Island,44003,2018,2018,56.03471657,0.32546786,21598.73,1145.179457,157.6197189,43.79111332,41.99244444,2.255536994,1,0,87.6,12.2,0
NE,Rhode Island,44003,2019,2019,55.95334961,0.311906699,21229.62,1173.973959,185.609186,42.66508089,44.72177778,2.18093334,4,0,83.7,19.1,0
NE,Rhode Island,44003,2020,2020,55.91266612,0.257662056,21678.17,1352.84812,148.0987515,52.35925668,42.01244444,1.706947699,0,0,86.5,9.8,0
SE,South Carolina,45001,2011,2011,73.01813349,2.553878287,20858.5,1768.854203,257.3868347,72.83319075,35.75355556,6.223473824,1,0,88.3,17.1,13
SE,South Carolina,45001,2012,2012,72.93268774,2.677299915,21108.78,1825.925846,178.3562341,71.78080176,35.97166667,8.586111575,0,0,89.7,16.9,55
SE,South Carolina,45001,2013,2013,72.77603722,2.862432355,21513.16,1680.610523,217.7110752,69.15940799,40.76566667,3.786617684,5,0,89.5,16.7,23
SE,South Carolina,45001,2014,2014,72.80926612,2.862432355,20620.17,1725.915076,215.8985023,68.05476777,40.38311111,7.137879799,1,0,87.1,12,15
SE,South Carolina,45001,2015,2015,72.91844679,2.814962499,20845.45,2132.084637,188.3011944,77.05261379,40.05922222,7.775026461,1,0,91.3,16,19
SE,South Carolina,45001,2016,2016,73.03712143,2.734263743,21102.07,1899.749756,202.9010398,101.3745495,40.49566667,3.319107242,0,0,92,10.7,12
SE,South Carolina,45001,2017,2017,72.88521789,2.919396183,21118.92,1869.179706,166.2899764,84.43606461,40.293,7.025656631,1,1,92.8,18.9,11
SE,South Carolina,45001,2018,2018,72.91844679,2.914649198,21910.76,1978.680921,185.2217544,90.86661431,39.01444444,6.407847632,5,0,92.4,20,29
SE,South Carolina,45001,2019,2019,72.96591664,2.928890155,21278.49,1697.544706,214.1567607,62.66862447,43.46,4.610851349,7,0,90.8,15.2,12
SE,South Carolina,45001,2020,2020,73.22225387,2.724769771,21048.26,2153.144686,182.6834053,92.90908653,43.19233333,5.988535429,0,0,90.2,17.5,14
MW,South Dakota,46003,2011,2011,0.498601047,0,18710.5,855.7468661,404.3124165,22.05939767,25.25877778,4.800118594,5,8,86.2,7.1,0
MW,South Dakota,46003,2012,2012,0.498654709,0,19021.96,900.6060293,261.0284547,28.78258526,28.67055556,4.775244676,1,5,83.4,18.8,0
MW,South Dakota,46003,2013,2013,0.498744169,0,19170.52,1137.283117,268.6068434,40.86571051,26.58711111,5.406003989,0,7,82.1,13.3,0
MW,South Dakota,46003,2014,2014,0.502350282,0,18613.18,982.9590609,324.8582201,31.34848166,32.85055556,4.654708135,4,5,78.3,10.5,0
MW,South Dakota,46003,2015,2015,0.502404364,0,18915.35,886.5881556,305.3157898,29.55658364,30.52944444,4.96580236,4,25,83.7,20.2,16
MW,South Dakota,46003,2016,2016,0.506047446,0,18702.85,852.6288014,287.7785201,26.57708269,31.33888889,5.147657381,1,14,84.9,16.8,14
MW,South Dakota,46003,2017,2017,0.506083773,0,19363.75,797.8804571,221.6048679,23.85434138,31.61055556,5.123922165,7,13,86.5,16.1,23
MW,South Dakota,46003,2018,2018,0.506174612,0,19274.79,1062.941035,331.4156345,39.29389084,32.83466667,4.293909384,4,9,82.8,22.4,11
MW,South Dakota,46003,2019,2019,0.506229132,0,19000.56,858.7365275,263.2988238,34.82435295,31.25566667,5.357428058,2,17,81,24.1,10
MW,South Dakota,46003,2020,2020,0.506338205,0,18731.22,845.13833,291.7001304,26.18039671,31.942,4.435805633,8,10,86.2,15.3,12
SE,Tennessee,47001,2011,2011,79.14131879,1.559331515,20678.48,1104.029217,315.5263625,29.35253841,33.60133333,4.002956781,5,3,87.2,18.8,15
SE,Tennessee,47001,2012,2012,79.08537864,1.608279141,20871.39,1209.079166,211.1746758,29.0240418,33.48077778,5.261015009,2,2,88.1,15.7,25
SE,Tennessee,47001,2013,2013,79.11334872,1.601286623,21244.15,1150.558658,242.6230348,26.44868178,38.25688889,3.886841625,5,4,86.9,15.6,21
SE,Tennessee,47001,2014,2014,79.19725893,1.510383889,20376.01,1088.938163,257.3378552,23.85180194,38.43044444,5.434800685,1,2,85.8,21.4,24
SE,Tennessee,47001,2015,2015,79.13432627,1.580309069,20565.78,1345.411601,217.5914853,33.22300404,37.83677778,4.712127953,0,3,90.9,14.2,0
SE,Tennessee,47001,2016,2016,79.26718411,1.482413817,20978.78,1205.774667,237.5597497,35.53296929,38.867,2.186802822,8,2,90.6,15.6,18
SE,Tennessee,47001,2017,2017,79.225229,1.496398853,20986.46,1145.089598,201.9957094,27.1559512,38.012,4.665394667,2,1,89.4,16.4,25
SE,Tennessee,47001,2018,2018,79.34410181,1.405496119,21572.53,1298.51376,219.7156286,28.77578814,37.40011111,3.662998654,6,4,91.5,24.4,30
SE,Tennessee,47001,2019,2019,79.30913922,1.468428781,20799.73,1155.127958,239.4937171,24.65222982,41.39977778,3.515385534,6,8,92.3,12.4,30
SE,Tennessee,47001,2020,2020,79.36507937,1.419481155,20765.26,1357.295247,211.9527358,34.8405032,40.602,4.130700021,0,3,87.6,12.7,61
SW,Texas,48001,2011,2011,53.23316988,3.340660402,24204.5,1101.891211,197.1547849,32.55103312,48.17211111,3.893345372,7,0,89.8,17.8,10
SW,Texas,48001,2012,2012,53.6144287,3.109133988,25006.47,895.9192168,173.373347,29.43499135,47.37577778,5.025194563,13,0,88.1,15.1,16
SW,Texas,48001,2013,2013,53.83815672,3.152728416,25601.95,821.4411228,228.7663613,32.42990398,51.60488889,2.064943833,40,1,88.7,18.8,16
SW,Texas,48001,2014,2014,53.99439044,3.150539194,24964.3,896.5304643,197.3132876,26.81511068,53.647,3.518030471,18,0,88,14.4,21
SW,Texas,48001,2015,2015,54.30761419,3.111927848,24694.73,1059.524555,219.2488268,46.65321261,52.02511111,4.333422208,22,1,87.9,17.6,8
SW,Texas,48001,2016,2016,54.50038692,3.066357129,24642.32,988.2178672,176.2374125,27.05381876,51.93066667,4.010578513,19,3,89.6,24.4,14
SW,Texas,48001,2017,2017,54.66528006,3.049724291,24406.06,1063.094275,120.1754248,35.09447124,51.64055556,5.118359705,15,1,87.5,15.5,27
SW,Texas,48001,2018,2018,55.01027936,2.931430645,25187.42,966.3286951,189.5476938,28.38757509,50.61977778,2.792369567,24,0,88.6,26.8,19
SW,Texas,48001,2019,2019,55.3187887,2.875870743,24878.06,1034.915472,191.3953513,46.63496909,52.70866667,2.761432245,32,0,86.9,13.3,23
SW,Texas,48001,2020,2020,55.67461661,2.752648638,24279.87,1095.241633,157.4484898,37.44693148,54.98588889,5.239605305,8,0,86,14,26
PS,Utah,49001,2011,2011,40.46789959,0,16665.48,898.9324499,260.2837465,16.11750654,22.48266667,2.728934235,0,1,93.8,9.9,23
PS,Utah,49001,2012,2012,40.46789959,0.004667793,16453.92,1066.098207,256.8698851,21.86415513,28.02244444,4.09051604,0,2,94.1,6.7,27
PS,Utah,49001,2013,2013,40.46229823,0.008402028,16904.48,848.21459,221.8952881,15.03595937,25.59077778,3.511810489,0,2,89,17.8,30
PS,Utah,49001,2014,2014,40.45931942,0.008402185,16605.09,1164.506116,205.2132478,25.3086138,28.84055556,3.450506035,0,1,91.4,18.6,0
PS,Utah,49001,2015,2015,40.460253,0.008402185,17116.93,832.8905562,248.4794235,12.47485063,28.79855556,3.192992684,3,5,89.9,15.9,11
PS,Utah,49001,2016,2016,40.46492088,0.008402185,16747.87,1177.755639,232.6325073,26.1069937,29.61633333,3.586472427,2,5,89.3,14.7,7
PS,Utah,49001,2017,2017,40.47968034,0.008402341,16630.85,1216.289823,189.6575031,30.23925608,30.20822222,2.634869035,0,7,88.5,12.9,3
PS,Utah,49001,2018,2018,40.47874674,0.010269528,17109.39,1008.872206,252.9310784,22.81661907,26.87211111,3.010653708,0,0,95.7,5.6,0
PS,Utah,49001,2019,2019,40.47725745,0.005601613,17142.73,1169.42128,252.0622363,24.25656684,28.65344444,4.123081123,4,0,91.9,8.9,0
PS,Utah,49001,2020,2020,40.48285906,0.001867204,16934.56,960.7316508,246.5182124,22.46700335,29.11422222,3.073664297,0,0,92.4,15.1,16
NE,Vermont,50001,2011,2011,55.58181303,0.318240539,17398.02,1568.725848,388.9437381,48.47637095,22.072,6.699923233,0,0,90.6,10,21
NE,Vermont,50001,2012,2012,55.50304062,0.425371018,17665.97,1664.101045,295.3502146,42.7324237,18.82,6.406732173,0,0,94.4,7.4,0
NE,Vermont,50001,2013,2013,55.56290765,0.431672811,17683.78,1594.253385,266.0388074,47.37773446,24.91644444,4.28352307,0,0,88.6,6.9,0
NE,Vermont,50001,2014,2014,55.55660585,0.488388947,17803.88,1421.123685,300.9969114,32.53301348,27.97766667,5.950503648,0,1,74.1,15.5,0
NE,Vermont,50001,2015,2015,55.49673882,0.557708668,17512.05,1540.784667,290.8674487,40.25901807,29.48311111,4.243770048,0,0,86.4,17.7,0
NE,Vermont,50001,2016,2016,55.59441661,0.523048807,17896.67,1601.357216,270.1441807,44.47931228,26.59588889,4.820646951,0,0,79.7,9.6,0
NE,Vermont,50001,2017,2017,55.57551123,0.592368529,17616.94,1324.52164,292.9511198,29.47379889,27.89744444,4.640073714,0,0,89.4,7.3,0
NE,Vermont,50001,2018,2018,55.59441661,0.604972115,18075.83,1599.640632,300.1276939,41.263071,26.79655556,5.21475847,0,0,82.4,14.9,0
NE,Vermont,50001,2019,2019,55.56605854,0.658537354,17613.59,1554.398047,315.2416907,45.10103069,27.64677778,5.507874263,1,0,81.1,17.3,0
NE,Vermont,50001,2020,2020,55.61017109,0.658537354,18005.13,1633.7763,278.8608053,40.49149099,25.90411111,3.118450251,0,0,79.2,22.2,0
SE,Virginia,51001,2011,2011,12.74416684,0.547181499,22172.98,1292.939977,277.6991282,45.09182222,38.01755556,3.34563373,4,6,89,16,18
SE,Virginia,51001,2012,2012,12.75629246,0.532716648,22282.82,1338.429162,199.4915593,56.05371288,36.94044444,5.356337705,8,2,90.7,15.1,24
SE,Virginia,51001,2013,2013,12.67189758,0.615321082,22375.27,1636.78843,197.7411255,74.11951155,43.12833333,4.814396462,6,2,86.5,17.8,20
SE,Virginia,51001,2014,2014,12.62853603,0.648358456,21941.22,1145.936746,241.8245444,43.19206462,43.59333333,6.6132262,7,0,91.1,16.2,28
SE,Virginia,51001,2015,2015,12.61408218,0.654552963,22424.88,1281.271693,216.2757208,46.75711684,43.34144444,3.995325977,11,4,91.1,14.1,7
SE,Virginia,51001,2016,2016,12.59730338,0.668993,22629.78,1196.257927,214.5107068,46.21268351,43.38077778,2.259282236,19,2,90.4,19.6,28
SE,Virginia,51001,2017,2017,12.59756349,0.662812306,22202.65,1445.883767,204.5111367,51.38891343,43.72155556,4.67192159,6,1,89.4,22.4,17
SE,Virginia,51001,2018,2018,12.59343382,0.664877142,22873.07,1481.976204,199.8016467,50.95122406,41.65633333,4.091908795,6,2,88.6,17.2,19
SE,Virginia,51001,2019,2019,12.61201734,0.64629362,22535.92,1226.25837,258.4055938,45.40296245,45.84844444,2.568800889,18,5,91.1,17.1,30
SE,Virginia,51001,2020,2020,12.63731725,0.615346494,22442.63,1714.456609,187.42523,80.02976959,43.06488889,4.24359965,8,2,91.5,14.9,32
P,Washington,53001,2011,2011,0.068883462,0,19381.04,345.9309445,210.9961116,3.691473367,34.60544444,0.692388812,2,5,92.9,14.7,0
P,Washington,53001,2012,2012,0.068883462,0,19497.64,356.2146318,231.9398967,3.701845311,39.79933333,0.540986912,7,5,92.2,17.2,0
P,Washington,53001,2013,2013,0.068883462,0,19644.76,357.134147,157.6731588,4.292160388,34.84333333,1.656939242,0,5,89,8.9,0
P,Washington,53001,2014,2014,0.068883462,0,19805.81,307.4476945,186.1314468,2.051371448,39.89055556,0.428113253,7,4,89.8,11.5,0
P,Washington,53001,2015,2015,0.068883462,0,20357.91,287.2326436,191.3641641,2.151193543,37.80033333,0.839038629,1,4,89.3,14.2,17
P,Washington,53001,2016,2016,0.068884324,0,19925.76,352.9864443,209.2668012,3.950835389,40.25833333,0.822266591,0,1,90.9,15.2,36
P,Washington,53001,2017,2017,0.06888605,0,20118.69,273.2385821,207.4515667,1.388804506,39.94822222,0.337268811,6,6,86.4,14.5,24
P,Washington,53001,2018,2018,0.06888605,0,19903.8,341.8682721,249.2529669,5.017986086,37.40855556,1.502694055,5,4,87.8,18.4,0
P,Washington,53001,2019,2019,0.06888605,0,20324.81,263.8078595,239.4066055,1.826772464,36.93011111,0.541677532,3,4,87.8,12.6,0
P,Washington,53001,2020,2020,0.068886913,0,20151.65,305.6188143,191.3161665,2.02630768,35.94544444,0.507827825,4,5,85.9,18.5,0
SE,West Virginia,54001,2011,2011,78.13117066,0.183356841,19878.93,1025.678743,363.2226275,21.84156788,29.42355556,4.128253393,9,0,88.4,11.1,34
SE,West Virginia,54001,2012,2012,78.18053597,0.23977433,20025.6,1242.112702,244.5013332,36.11873034,28.92055556,5.090173335,2,0,88.3,14.9,14
SE,West Virginia,54001,2013,2013,78.25105783,0.317348378,20131.45,1225.182221,248.7110953,27.33086665,34.402,5.114426578,5,0,90,21.3,26
SE,West Virginia,54001,2014,2014,78.27221439,0.373765867,19653.76,889.7926316,305.595011,15.24391665,35.50588889,4.429136871,2,1,90.8,16.5,17
SE,West Virginia,54001,2015,2015,78.49083216,0.373765867,19709.13,1246.088411,242.7328896,27.08064453,34.68188889,3.766588954,1,1,91.7,18.7,12
SE,West Virginia,54001,2016,2016,78.58956276,0.394922426,20143.31,1060.166502,263.4906765,20.23645804,35.43933333,2.895298396,10,0,90.2,14.7,14
SE,West Virginia,54001,2017,2017,78.70944993,0.401974612,20129.43,1049.098677,250.7932146,20.07604333,34.97588889,3.948148535,3,0,91.7,18,18
SE,West Virginia,54001,2018,2018,78.83638928,0.430183357,20570.04,1219.266504,242.387302,24.37707395,33.75344444,3.839059348,2,1,91.6,18.5,30
SE,West Virginia,54001,2019,2019,78.94217207,0.380818054,19743.41,1245.260454,282.8489751,34.12498846,38.375,3.796004673,7,0,91.5,25.7,18
SE,West Virginia,54001,2020,2020,79.1325811,0.310296192,20059.25,1181.270268,259.5362661,26.39782071,34.99611111,1.989715933,1,0,90.3,23.3,26
MW,Wisconsin,55001,2011,2011,56.79323048,1.251048619,17956.86,1084.573829,495.779854,37.0259612,20.11711111,4.876448471,4,1,80.6,19.8,0
MW,Wisconsin,55001,2012,2012,57.16943279,0.893671348,18513.91,1552.747902,331.9188267,70.42599413,18.12677778,5.057229021,1,0,81.6,22.6,0
MW,Wisconsin,55001,2013,2013,57.17308043,0.904614262,18915.6,1307.783292,323.8299565,41.89606669,23.06955556,7.153764979,0,1,88.3,4.4,0
MW,Wisconsin,55001,2014,2014,57.12930877,0.966624111,18319.66,1342.936306,370.0037127,64.80886403,28.26811111,7.176347514,1,0,84.1,26.1,21
MW,Wisconsin,55001,2015,2015,57.10012767,1.021338683,18196.24,1175.941228,353.6286275,38.91436982,27.18744444,5.971969439,0,2,84.3,23.2,10
MW,Wisconsin,55001,2016,2016,57.1986139,0.973919387,18472.08,1287.718098,329.7799951,44.44911249,26.29033333,4.098270048,3,1,83.6,19.4,22
MW,Wisconsin,55001,2017,2017,57.14754696,1.061462703,18817.34,1111.17663,303.0318906,44.19312468,27.62966667,5.765775617,1,0,85.2,10.4,12
MW,Wisconsin,55001,2018,2018,57.1220135,1.12712019,19099.86,1338.159586,343.3296356,45.67635681,27.47066667,5.972279509,4,1,78.7,11.7,13
MW,Wisconsin,55001,2019,2019,57.14754696,1.123472552,18313.4,1205.193881,322.8545992,53.41314384,30.17022222,6.915614886,1,3,84.1,22.5,19
MW,Wisconsin,55001,2020,2020,57.17672807,1.167244209,18421.4,1218.195257,339.582893,40.52337352,27.71966667,4.329651227,3,2,84.8,12.1,34
P,Wyoming,56001,2011,2011,13.16283142,0.019327846,13944.05,1017.917279,307.8077925,11.06422979,16.582,4.005004568,0,1,92.2,10.6,0
P,Wyoming,56001,2012,2012,13.16120083,0.020464894,13842.05,1204.532097,253.0176347,19.80877242,18.42833333,5.816875102,0,1,91.3,16.8,0
P,Wyoming,56001,2013,2013,13.16021352,0.016485797,14365.12,907.3654259,243.275247,12.00342621,18.18566667,4.107307891,0,0,86.8,20.3,0
P,Wyoming,56001,2014,2014,13.16263708,0.010801162,13972.22,1117.978005,209.101244,15.30370043,21.70522222,4.120883128,0,1,85.1,12.6,0
P,Wyoming,56001,2015,2015,13.17123918,0.010232738,14136.02,1033.645626,251.1968769,15.11405862,21.23777778,5.217066381,0,21,89.3,13.1,100
P,Wyoming,56001,2016,2016,13.17131406,0.013075239,14051.58,1165.854023,250.1576793,15.73428402,22.28455556,4.480870089,0,7,86.2,7.8,30
P,Wyoming,56001,2017,2017,13.16933957,0.012507035,14124.12,1167.610236,204.6209043,16.58576073,21.53855556,3.968037053,0,2,93.2,5.1,84
P,Wyoming,56001,2018,2018,13.16607826,0.011370161,14520.21,1168.251049,251.7150692,17.83977672,18.87744444,4.192015257,0,3,90.5,15.3,0
P,Wyoming,56001,2019,2019,13.16274204,0.01307576,14189.84,1191.486441,239.7465614,15.1473245,21.655,5.593563333,0,1,87.6,12.9,0
P,Wyoming,56001,2020,2020,13.16679648,0.013075834,13959.01,1076.587918,254.0131754,15.08101393,22.049,3.620444211,0,3,91.6,14.6,0